{"cameraMode":{"drawMode":0,"name":"Shaded","section":"Shading Mode"},"sceneLighting":true,"audioPlay":false,"sceneViewState":{"m_AlwaysRefresh":false,"showFog":true,"showSkybox":true,"showFlares":true,"showImageEffects":true,"showParticleSystems":true,"showVisualEffectGraphs":true,"m_FxEnabled":true},"in2DMode":false,"pivot":{"x":-1.6992393732070923,"y":-1.535586953163147,"z":-0.24799895286560059},"rotation":{"x":-0.12579621374607087,"y":0.05264214798808098,"z":-0.006750531028956175,"w":-0.9906674027442932},"size":7.213260650634766,"orthographic":false}