{"cameraMode":{"drawMode":0,"name":"Shaded","section":"Shading Mode"},"sceneLighting":true,"audioPlay":false,"sceneViewState":{"m_AlwaysRefresh":false,"showFog":true,"showSkybox":true,"showFlares":true,"showImageEffects":true,"showParticleSystems":true,"showVisualEffectGraphs":true,"m_FxEnabled":true},"in2DMode":false,"pivot":{"x":0.193539559841156,"y":-1.9713962078094483,"z":-0.7320919036865234},"rotation":{"x":0.004184538032859564,"y":-0.05338605120778084,"z":-0.00023661722661927342,"w":-0.998593270778656},"size":3.103868007659912,"orthographic":false}