{"cameraMode":{"drawMode":0,"name":"Shaded","section":"Shading Mode"},"sceneLighting":false,"audioPlay":false,"sceneViewState":{"m_AlwaysRefresh":false,"showFog":true,"showSkybox":false,"showFlares":true,"showImageEffects":true,"showParticleSystems":true,"showVisualEffectGraphs":true,"m_FxEnabled":true},"in2DMode":false,"pivot":{"x":0.17974066734313966,"y":1.9040813446044922,"z":0.24373579025268556},"rotation":{"x":0.12168221920728684,"y":0.560168445110321,"z":0.08363096415996552,"w":-0.8151266574859619},"size":5.688541889190674,"orthographic":false}